,precision,recall,f1-score,support
coccidiosis,0.9520426287744227,0.9131175468483816,0.9321739130434784,587.0
healthy,0.8022508038585209,0.9122486288848263,0.8537211291702309,547.0
newcastle disease,0.9447619047619048,0.8626086956521739,0.9018181818181819,575.0
salmo,0.8903345724907064,0.8886827458256029,0.8895078922934075,539.0
accuracy,0.8941281138790036,0.8941281138790036,0.8941281138790036,0.8941281138790036
macro avg,0.8973474774713888,0.8941644043027461,0.8943052790813247,2248.0
weighted avg,0.8989362289198323,0.8941281138790036,0.8950897478221705,2248.0
