,precision,recall,f1-score,support
0,0.9580952380952381,0.9940711462450593,0.9757516973811834,506.0
1,0.94140625,0.9525691699604744,0.9469548133595285,506.0
2,0.9918864097363083,0.9664031620553359,0.9789789789789789,506.0
3,0.979757085020243,0.9565217391304348,0.9680000000000001,506.0
accuracy,0.967391304347826,0.967391304347826,0.967391304347826,0.967391304347826
macro avg,0.9677862457129474,0.9673913043478262,0.9674213724299227,2024.0
weighted avg,0.9677862457129474,0.967391304347826,0.9674213724299227,2024.0
