,precision,recall,f1-score,support
0,0.9295302013422819,0.9857651245551602,0.9568221070811744,281.0
1,0.9154929577464789,0.9252669039145908,0.9203539823008849,281.0
2,0.9888888888888889,0.9501779359430605,0.9691470054446462,281.0
3,0.9632352941176471,0.9323843416370107,0.9475587703435805,281.0
accuracy,0.9483985765124555,0.9483985765124555,0.9483985765124555,0.9483985765124555
macro avg,0.9492868355238242,0.9483985765124555,0.9484704662925715,1124.0
weighted avg,0.9492868355238242,0.9483985765124555,0.9484704662925714,1124.0
