,precision,recall,f1-score,support
coccidiosis,0.9946428571428572,0.948892674616695,0.9712292938099389,587.0
healthy,0.8872053872053872,0.9634369287020109,0.9237510955302366,547.0
newcastle disease,0.9909584086799277,0.9530434782608695,0.9716312056737588,575.0
salmo,0.9500924214417745,0.9536178107606679,0.9518518518518518,539.0
accuracy,0.9546263345195729,0.9546263345195729,0.9546263345195729,0.9546263345195729
macro avg,0.9557247686174867,0.9547477230850608,0.9546158617164465,2248.0
weighted avg,0.9568761584040388,0.9546263345195729,0.9551332456103349,2248.0
