,precision,recall,f1-score,support
0,0.9063545150501672,0.9644128113879004,0.9344827586206896,281.0
1,0.8775510204081632,0.9181494661921709,0.8973913043478261,281.0
2,0.9884169884169884,0.9110320284697508,0.9481481481481481,281.0
3,0.9742647058823529,0.9430604982206405,0.9584086799276672,281.0
accuracy,0.9341637010676157,0.9341637010676157,0.9341637010676157,0.9341637010676157
macro avg,0.936646807439418,0.9341637010676156,0.9346077227610827,1124.0
weighted avg,0.936646807439418,0.9341637010676157,0.9346077227610828,1124.0
