,precision,recall,f1-score,support
0,0.8922800718132855,0.9822134387351779,0.9350893697083726,506.0
1,0.9007782101167315,0.9150197628458498,0.907843137254902,506.0
2,0.9978308026030369,0.9090909090909091,0.951396070320579,506.0
3,0.975609756097561,0.9486166007905138,0.9619238476953909,506.0
accuracy,0.9387351778656127,0.9387351778656127,0.9387351778656127,0.9387351778656127
macro avg,0.9416247101576537,0.9387351778656127,0.9390631062448112,2024.0
weighted avg,0.9416247101576536,0.9387351778656127,0.939063106244811,2024.0
