,precision,recall,f1-score,support
0,0.9818840579710145,0.9644128113879004,0.9730700179533215,281.0
1,0.8806451612903226,0.9715302491103203,0.9238578680203047,281.0
2,0.9923371647509579,0.9217081850533808,0.955719557195572,281.0
3,0.9675090252707581,0.9537366548042705,0.960573476702509,281.0
accuracy,0.952846975088968,0.952846975088968,0.952846975088968,0.952846975088968
macro avg,0.9555938523207632,0.952846975088968,0.9533052299679269,1124.0
weighted avg,0.9555938523207633,0.952846975088968,0.9533052299679269,1124.0
