,precision,recall,f1-score,support
0,0.9938775510204082,0.9624505928853755,0.9779116465863453,506.0
1,0.9169741697416974,0.9822134387351779,0.9484732824427481,506.0
2,0.9879032258064516,0.9683794466403162,0.9780439121756487,506.0
3,0.9737903225806451,0.9545454545454546,0.9640718562874252,506.0
accuracy,0.966897233201581,0.966897233201581,0.966897233201581,0.966897233201581
macro avg,0.9681363172873005,0.9668972332015809,0.9671251743730418,2024.0
weighted avg,0.9681363172873005,0.966897233201581,0.9671251743730419,2024.0
