,precision,recall,f1-score,support
0,0.9937888198757764,0.9486166007905138,0.9706774519716885,506.0
1,0.8734402852049911,0.9683794466403162,0.9184629803186504,506.0
2,0.9799196787148594,0.9644268774703557,0.9721115537848606,506.0
3,0.966804979253112,0.9209486166007905,0.9433198380566802,506.0
accuracy,0.950592885375494,0.950592885375494,0.950592885375494,0.950592885375494
macro avg,0.9534884407621848,0.950592885375494,0.9511429560329699,2024.0
weighted avg,0.9534884407621848,0.950592885375494,0.9511429560329699,2024.0
