,precision,recall,f1-score,support
0,0.9851851851851852,0.9466192170818505,0.9655172413793102,281.0
1,0.8668831168831169,0.9501779359430605,0.9066213921901528,281.0
2,0.9821428571428571,0.9786476868327402,0.9803921568627451,281.0
3,0.9624060150375939,0.9110320284697508,0.9360146252285192,281.0
accuracy,0.9466192170818505,0.9466192170818505,0.9466192170818505,0.9466192170818505
macro avg,0.9491542935621883,0.9466192170818506,0.9471363539151818,1124.0
weighted avg,0.9491542935621883,0.9466192170818505,0.9471363539151818,1124.0
